Datetime (UTC),Carbon Intensity gCO₂eq/kWh (direct),Year,DayOfYear
2021-01-01,449.45,2021,1
2021-01-02,473.11,2021,2
2021-01-03,333.28,2021,3
2021-01-04,436.61,2021,4
2021-01-05,462.18,2021,5
2021-01-06,511.85,2021,6
2021-01-07,542.99,2021,7
2021-01-08,550.37,2021,8
2021-01-09,560.4,2021,9
2021-01-10,454.23,2021,10
2021-01-11,350.32,2021,11
2021-01-12,341.48,2021,12
2021-01-13,300.58,2021,13
2021-01-14,481.23,2021,14
2021-01-15,539.13,2021,15
2021-01-16,513.41,2021,16
2021-01-17,510.89,2021,17
2021-01-18,411.64,2021,18
2021-01-19,329.97,2021,19
2021-01-20,254.16,2021,20
2021-01-21,218.89,2021,21
2021-01-22,336.42,2021,22
2021-01-23,461.39,2021,23
2021-01-24,491.82,2021,24
2021-01-25,540.8,2021,25
2021-01-26,484.47,2021,26
2021-01-27,490.98,2021,27
2021-01-28,472.24,2021,28
2021-01-29,352.14,2021,29
2021-01-30,436.2,2021,30
2021-01-31,431.96,2021,31
2021-02-01,481.32,2021,32
2021-02-02,458.09,2021,33
2021-02-03,341.59,2021,34
2021-02-04,429.61,2021,35
2021-02-05,394.38,2021,36
2021-02-06,214.56,2021,37
2021-02-07,203.85,2021,38
2021-02-08,396.54,2021,39
2021-02-09,504.43,2021,40
2021-02-10,510.73,2021,41
2021-02-11,525.57,2021,42
2021-02-12,457.18,2021,43
2021-02-13,463.33,2021,44
2021-02-14,365.62,2021,45
2021-02-15,373.58,2021,46
2021-02-16,396.79,2021,47
2021-02-17,307.52,2021,48
2021-02-18,284.58,2021,49
2021-02-19,309.46,2021,50
2021-02-20,188.0,2021,51
2021-02-21,232.11,2021,52
2021-02-22,330.27,2021,53
2021-02-23,284.07,2021,54
2021-02-24,246.94,2021,55
2021-02-25,301.91,2021,56
2021-02-26,325.67,2021,57
2021-02-27,338.22,2021,58
2021-02-28,334.06,2021,59
2021-03-01,429.6,2021,60
2021-03-02,447.34,2021,61
2021-03-03,457.47,2021,62
2021-03-04,434.38,2021,63
2021-03-05,424.6,2021,64
2021-03-06,347.51,2021,65
2021-03-07,337.36,2021,66
2021-03-08,490.07,2021,67
2021-03-09,511.02,2021,68
2021-03-10,374.25,2021,69
2021-03-11,144.1,2021,70
2021-03-12,130.78,2021,71
2021-03-13,118.09,2021,72
2021-03-14,143.88,2021,73
2021-03-15,252.52,2021,74
2021-03-16,361.61,2021,75
2021-03-17,429.38,2021,76
2021-03-18,467.08,2021,77
2021-03-19,379.59,2021,78
2021-03-20,337.78,2021,79
2021-03-21,237.16,2021,80
2021-03-22,426.74,2021,81
2021-03-23,480.53,2021,82
2021-03-24,406.99,2021,83
2021-03-25,445.75,2021,84
2021-03-26,302.98,2021,85
2021-03-27,164.04,2021,86
2021-03-28,168.24,2021,87
2021-03-29,223.73,2021,88
2021-03-30,338.25,2021,89
2021-03-31,371.53,2021,90
2021-04-01,285.76,2021,91
2021-04-02,194.23,2021,92
2021-04-03,181.22,2021,93
2021-04-04,179.35,2021,94
2021-04-05,129.82,2021,95
2021-04-06,215.28,2021,96
2021-04-07,257.27,2021,97
2021-04-08,299.95,2021,98
2021-04-09,298.68,2021,99
2021-04-10,367.02,2021,100
2021-04-11,281.96,2021,101
2021-04-12,421.87,2021,102
2021-04-13,389.47,2021,103
2021-04-14,452.13,2021,104
2021-04-15,431.06,2021,105
2021-04-16,415.33,2021,106
2021-04-17,397.72,2021,107
2021-04-18,441.91,2021,108
2021-04-19,463.49,2021,109
2021-04-20,456.49,2021,110
2021-04-21,339.86,2021,111
2021-04-22,266.49,2021,112
2021-04-23,302.34,2021,113
2021-04-24,254.32,2021,114
2021-04-25,241.34,2021,115
2021-04-26,361.06,2021,116
2021-04-27,340.53,2021,117
2021-04-28,362.15,2021,118
2021-04-29,354.07,2021,119
2021-04-30,451.05,2021,120
2021-05-01,359.05,2021,121
2021-05-02,278.06,2021,122
2021-05-03,287.44,2021,123
2021-05-04,144.24,2021,124
2021-05-05,185.72,2021,125
2021-05-06,354.15,2021,126
2021-05-07,324.95,2021,127
2021-05-08,207.94,2021,128
2021-05-09,136.75,2021,129
2021-05-10,263.02,2021,130
2021-05-11,389.99,2021,131
2021-05-12,375.96,2021,132
2021-05-13,269.01,2021,133
2021-05-14,274.38,2021,134
2021-05-15,237.58,2021,135
2021-05-16,232.71,2021,136
2021-05-17,279.49,2021,137
2021-05-18,327.96,2021,138
2021-05-19,336.69,2021,139
2021-05-20,298.65,2021,140
2021-05-21,137.21,2021,141
2021-05-22,116.56,2021,142
2021-05-23,163.12,2021,143
2021-05-24,174.97,2021,144
2021-05-25,231.68,2021,145
2021-05-26,264.58,2021,146
2021-05-27,332.04,2021,147
2021-05-28,377.49,2021,148
2021-05-29,289.66,2021,149
2021-05-30,234.15,2021,150
2021-05-31,310.31,2021,151
2021-06-01,304.86,2021,152
2021-06-02,264.66,2021,153
2021-06-03,292.99,2021,154
2021-06-04,353.11,2021,155
2021-06-05,326.46,2021,156
2021-06-06,334.32,2021,157
2021-06-07,395.83,2021,158
2021-06-08,408.13,2021,159
2021-06-09,406.73,2021,160
2021-06-10,397.26,2021,161
2021-06-11,365.0,2021,162
2021-06-12,192.56,2021,163
2021-06-13,214.96,2021,164
2021-06-14,330.45,2021,165
2021-06-15,403.72,2021,166
2021-06-16,399.36,2021,167
2021-06-17,358.95,2021,168
2021-06-18,389.19,2021,169
2021-06-19,338.16,2021,170
2021-06-20,277.43,2021,171
2021-06-21,348.42,2021,172
2021-06-22,413.65,2021,173
2021-06-23,454.99,2021,174
2021-06-24,452.36,2021,175
2021-06-25,442.62,2021,176
2021-06-26,374.25,2021,177
2021-06-27,318.13,2021,178
2021-06-28,404.72,2021,179
2021-06-29,409.53,2021,180
2021-06-30,404.94,2021,181
2021-07-01,385.96,2021,182
2021-07-02,404.54,2021,183
2021-07-03,394.12,2021,184
2021-07-04,396.17,2021,185
2021-07-05,410.08,2021,186
2021-07-06,295.66,2021,187
2021-07-07,408.74,2021,188
2021-07-08,458.02,2021,189
2021-07-09,407.38,2021,190
2021-07-10,363.97,2021,191
2021-07-11,381.25,2021,192
2021-07-12,394.74,2021,193
2021-07-13,421.23,2021,194
2021-07-14,379.8,2021,195
2021-07-15,345.29,2021,196
2021-07-16,337.08,2021,197
2021-07-17,222.47,2021,198
2021-07-18,193.27,2021,199
2021-07-19,332.02,2021,200
2021-07-20,356.21,2021,201
2021-07-21,376.87,2021,202
2021-07-22,386.11,2021,203
2021-07-23,374.6,2021,204
2021-07-24,292.31,2021,205
2021-07-25,292.57,2021,206
2021-07-26,391.77,2021,207
2021-07-27,375.16,2021,208
2021-07-28,281.13,2021,209
2021-07-29,162.63,2021,210
2021-07-30,217.41,2021,211
2021-07-31,143.14,2021,212
2021-08-01,227.18,2021,213
2021-08-02,298.08,2021,214
2021-08-03,403.56,2021,215
2021-08-04,414.76,2021,216
2021-08-05,371.48,2021,217
2021-08-06,257.5,2021,218
2021-08-07,230.22,2021,219
2021-08-08,144.89,2021,220
2021-08-09,247.49,2021,221
2021-08-10,343.87,2021,222
2021-08-11,374.24,2021,223
2021-08-12,375.25,2021,224
2021-08-13,339.6,2021,225
2021-08-14,242.69,2021,226
2021-08-15,259.63,2021,227
2021-08-16,213.52,2021,228
2021-08-17,200.37,2021,229
2021-08-18,252.4,2021,230
2021-08-19,369.42,2021,231
2021-08-20,431.18,2021,232
2021-08-21,380.25,2021,233
2021-08-22,317.42,2021,234
2021-08-23,364.86,2021,235
2021-08-24,389.15,2021,236
2021-08-25,296.88,2021,237
2021-08-26,326.56,2021,238
2021-08-27,329.4,2021,239
2021-08-28,298.19,2021,240
2021-08-29,329.64,2021,241
2021-08-30,385.24,2021,242
2021-08-31,403.47,2021,243
2021-09-01,425.67,2021,244
2021-09-02,432.93,2021,245
2021-09-03,412.8,2021,246
2021-09-04,417.38,2021,247
2021-09-05,382.1,2021,248
2021-09-06,469.24,2021,249
2021-09-07,473.82,2021,250
2021-09-08,443.02,2021,251
2021-09-09,454.84,2021,252
2021-09-10,490.64,2021,253
2021-09-11,464.25,2021,254
2021-09-12,407.03,2021,255
2021-09-13,498.75,2021,256
2021-09-14,467.48,2021,257
2021-09-15,463.99,2021,258
2021-09-16,434.67,2021,259
2021-09-17,482.08,2021,260
2021-09-18,469.09,2021,261
2021-09-19,431.28,2021,262
2021-09-20,515.38,2021,263
2021-09-21,469.78,2021,264
2021-09-22,454.0,2021,265
2021-09-23,258.41,2021,266
2021-09-24,348.69,2021,267
2021-09-25,460.26,2021,268
2021-09-26,457.02,2021,269
2021-09-27,456.88,2021,270
2021-09-28,506.32,2021,271
2021-09-29,371.77,2021,272
2021-09-30,307.93,2021,273
2021-10-01,293.86,2021,274
2021-10-02,285.24,2021,275
2021-10-03,175.51,2021,276
2021-10-04,413.01,2021,277
2021-10-05,396.05,2021,278
2021-10-06,404.23,2021,279
2021-10-07,525.18,2021,280
2021-10-08,480.37,2021,281
2021-10-09,387.1,2021,282
2021-10-10,429.89,2021,283
2021-10-11,429.01,2021,284
2021-10-12,457.76,2021,285
2021-10-13,503.58,2021,286
2021-10-14,418.68,2021,287
2021-10-15,349.23,2021,288
2021-10-16,450.11,2021,289
2021-10-17,467.38,2021,290
2021-10-18,465.17,2021,291
2021-10-19,366.41,2021,292
2021-10-20,190.57,2021,293
2021-10-21,191.59,2021,294
2021-10-22,213.36,2021,295
2021-10-23,374.39,2021,296
2021-10-24,319.86,2021,297
2021-10-25,420.27,2021,298
2021-10-26,399.9,2021,299
2021-10-27,380.74,2021,300
2021-10-28,409.01,2021,301
2021-10-29,353.49,2021,302
2021-10-30,299.1,2021,303
2021-10-31,229.68,2021,304
2021-11-01,284.42,2021,305
2021-11-02,484.78,2021,306
2021-11-03,526.57,2021,307
2021-11-04,444.26,2021,308
2021-11-05,421.45,2021,309
2021-11-06,287.58,2021,310
2021-11-07,209.65,2021,311
2021-11-08,464.48,2021,312
2021-11-09,454.08,2021,313
2021-11-10,519.56,2021,314
2021-11-11,527.25,2021,315
2021-11-12,483.79,2021,316
2021-11-13,513.22,2021,317
2021-11-14,511.63,2021,318
2021-11-15,536.3,2021,319
2021-11-16,570.41,2021,320
2021-11-17,461.03,2021,321
2021-11-18,349.98,2021,322
2021-11-19,344.45,2021,323
2021-11-20,377.52,2021,324
2021-11-21,445.08,2021,325
2021-11-22,460.29,2021,326
2021-11-23,467.56,2021,327
2021-11-24,523.69,2021,328
2021-11-25,494.36,2021,329
2021-11-26,463.47,2021,330
2021-11-27,507.33,2021,331
2021-11-28,542.56,2021,332
2021-11-29,517.33,2021,333
2021-11-30,306.52,2021,334
2021-12-01,248.44,2021,335
2021-12-02,422.51,2021,336
2021-12-03,320.16,2021,337
2021-12-04,448.52,2021,338
2021-12-05,449.59,2021,339
2021-12-06,491.14,2021,340
2021-12-07,432.96,2021,341
2021-12-08,419.87,2021,342
2021-12-09,533.43,2021,343
2021-12-10,523.64,2021,344
2021-12-11,499.8,2021,345
2021-12-12,402.55,2021,346
2021-12-13,480.07,2021,347
2021-12-14,498.52,2021,348
2021-12-15,438.96,2021,349
2021-12-16,495.94,2021,350
2021-12-17,516.43,2021,351
2021-12-18,432.73,2021,352
2021-12-19,337.03,2021,353
2021-12-20,531.64,2021,354
2021-12-21,573.95,2021,355
2021-12-22,532.78,2021,356
2021-12-23,453.94,2021,357
2021-12-24,383.47,2021,358
2021-12-25,473.45,2021,359
2021-12-26,434.27,2021,360
2021-12-27,406.26,2021,361
2021-12-28,360.38,2021,362
2021-12-29,433.19,2021,363
2021-12-30,191.52,2021,364
2021-12-31,144.02,2021,365
2022-01-01,227.76,2022,1
2022-01-02,145.69,2022,2
2022-01-03,240.48,2022,3
2022-01-04,447.54,2022,4
2022-01-05,317.6,2022,5
2022-01-06,469.71,2022,6
2022-01-07,410.86,2022,7
2022-01-08,395.99,2022,8
2022-01-09,408.94,2022,9
2022-01-10,587.9,2022,10
2022-01-11,555.76,2022,11
2022-01-12,546.6,2022,12
2022-01-13,435.79,2022,13
2022-01-14,469.26,2022,14
2022-01-15,583.09,2022,15
2022-01-16,395.86,2022,16
2022-01-17,371.38,2022,17
2022-01-18,552.13,2022,18
2022-01-19,400.43,2022,19
2022-01-20,334.89,2022,20
2022-01-21,398.54,2022,21
2022-01-22,474.71,2022,22
2022-01-23,567.31,2022,23
2022-01-24,565.82,2022,24
2022-01-25,560.46,2022,25
2022-01-26,457.1,2022,26
2022-01-27,319.96,2022,27
2022-01-28,360.97,2022,28
2022-01-29,202.62,2022,29
2022-01-30,245.24,2022,30
2022-01-31,404.28,2022,31
2022-02-01,297.19,2022,32
2022-02-02,332.11,2022,33
2022-02-03,441.77,2022,34
2022-02-04,303.16,2022,35
2022-02-05,181.41,2022,36
2022-02-06,162.41,2022,37
2022-02-07,263.96,2022,38
2022-02-08,316.73,2022,39
2022-02-09,386.21,2022,40
2022-02-10,446.11,2022,41
2022-02-11,433.86,2022,42
2022-02-12,382.86,2022,43
2022-02-13,229.83,2022,44
2022-02-14,302.34,2022,45
2022-02-15,369.02,2022,46
2022-02-16,246.84,2022,47
2022-02-17,188.4,2022,48
2022-02-18,250.99,2022,49
2022-02-19,179.25,2022,50
2022-02-20,167.94,2022,51
2022-02-21,208.81,2022,52
2022-02-22,298.8,2022,53
2022-02-23,344.72,2022,54
2022-02-24,319.49,2022,55
2022-02-25,314.07,2022,56
2022-02-26,522.18,2022,57
2022-02-27,416.18,2022,58
2022-02-28,443.2,2022,59
2022-03-01,495.52,2022,60
2022-03-02,545.4,2022,61
2022-03-03,505.24,2022,62
2022-03-04,496.93,2022,63
2022-03-05,507.07,2022,64
2022-03-06,542.97,2022,65
2022-03-07,502.14,2022,66
2022-03-08,457.47,2022,67
2022-03-09,481.73,2022,68
2022-03-10,399.52,2022,69
2022-03-11,282.68,2022,70
2022-03-12,324.5,2022,71
2022-03-13,327.23,2022,72
2022-03-14,475.4,2022,73
2022-03-15,553.37,2022,74
2022-03-16,462.36,2022,75
2022-03-17,439.5,2022,76
2022-03-18,438.65,2022,77
2022-03-19,289.97,2022,78
2022-03-20,240.42,2022,79
2022-03-21,445.26,2022,80
2022-03-22,507.33,2022,81
2022-03-23,532.21,2022,82
2022-03-24,530.88,2022,83
2022-03-25,487.38,2022,84
2022-03-26,424.17,2022,85
2022-03-27,479.91,2022,86
2022-03-28,480.4,2022,87
2022-03-29,511.15,2022,88
2022-03-30,550.3,2022,89
2022-03-31,419.48,2022,90
2022-04-01,360.44,2022,91
2022-04-02,419.67,2022,92
2022-04-03,425.39,2022,93
2022-04-04,229.8,2022,94
2022-04-05,384.34,2022,95
2022-04-06,270.41,2022,96
2022-04-07,203.36,2022,97
2022-04-08,333.78,2022,98
2022-04-09,238.45,2022,99
2022-04-10,291.13,2022,100
2022-04-11,440.44,2022,101
2022-04-12,360.46,2022,102
2022-04-13,432.49,2022,103
2022-04-14,438.67,2022,104
2022-04-15,418.33,2022,105
2022-04-16,359.97,2022,106
2022-04-17,346.17,2022,107
2022-04-18,375.8,2022,108
2022-04-19,386.37,2022,109
2022-04-20,387.75,2022,110
2022-04-21,393.04,2022,111
2022-04-22,317.43,2022,112
2022-04-23,262.47,2022,113
2022-04-24,301.39,2022,114
2022-04-25,474.62,2022,115
2022-04-26,482.2,2022,116
2022-04-27,483.0,2022,117
2022-04-28,458.22,2022,118
2022-04-29,471.12,2022,119
2022-04-30,464.06,2022,120
2022-05-01,488.9,2022,121
2022-05-02,458.81,2022,122
2022-05-03,477.51,2022,123
2022-05-04,500.8,2022,124
2022-05-05,492.34,2022,125
2022-05-06,473.43,2022,126
2022-05-07,416.27,2022,127
2022-05-08,394.71,2022,128
2022-05-09,427.03,2022,129
2022-05-10,368.15,2022,130
2022-05-11,293.5,2022,131
2022-05-12,304.73,2022,132
2022-05-13,294.53,2022,133
2022-05-14,315.18,2022,134
2022-05-15,336.51,2022,135
2022-05-16,361.46,2022,136
2022-05-17,429.22,2022,137
2022-05-18,378.38,2022,138
2022-05-19,354.18,2022,139
2022-05-20,339.59,2022,140
2022-05-21,231.28,2022,141
2022-05-22,395.6,2022,142
2022-05-23,303.55,2022,143
2022-05-24,334.24,2022,144
2022-05-25,302.1,2022,145
2022-05-26,180.37,2022,146
2022-05-27,175.29,2022,147
2022-05-28,198.82,2022,148
2022-05-29,349.33,2022,149
2022-05-30,427.28,2022,150
2022-05-31,445.22,2022,151
2022-06-01,424.99,2022,152
2022-06-02,378.21,2022,153
2022-06-03,377.88,2022,154
2022-06-04,364.45,2022,155
2022-06-05,343.4,2022,156
2022-06-06,287.28,2022,157
2022-06-07,376.21,2022,158
2022-06-08,412.67,2022,159
2022-06-09,406.6,2022,160
2022-06-10,407.04,2022,161
2022-06-11,356.21,2022,162
2022-06-12,350.39,2022,163
2022-06-13,358.72,2022,164
2022-06-14,413.74,2022,165
2022-06-15,434.95,2022,166
2022-06-16,418.0,2022,167
2022-06-17,397.73,2022,168
2022-06-18,332.78,2022,169
2022-06-19,345.43,2022,170
2022-06-20,408.22,2022,171
2022-06-21,438.76,2022,172
2022-06-22,483.7,2022,173
2022-06-23,425.72,2022,174
2022-06-24,401.43,2022,175
2022-06-25,440.73,2022,176
2022-06-26,415.4,2022,177
2022-06-27,451.06,2022,178
2022-06-28,447.55,2022,179
2022-06-29,445.02,2022,180
2022-06-30,434.7,2022,181
2022-07-01,440.75,2022,182
2022-07-02,364.67,2022,183
2022-07-03,374.62,2022,184
2022-07-04,402.36,2022,185
2022-07-05,413.52,2022,186
2022-07-06,398.64,2022,187
2022-07-07,349.13,2022,188
2022-07-08,377.92,2022,189
2022-07-09,312.01,2022,190
2022-07-10,307.66,2022,191
2022-07-11,444.32,2022,192
2022-07-12,420.68,2022,193
2022-07-13,410.57,2022,194
2022-07-14,384.33,2022,195
2022-07-15,379.88,2022,196
2022-07-16,282.23,2022,197
2022-07-17,366.62,2022,198
2022-07-18,417.17,2022,199
2022-07-19,399.91,2022,200
2022-07-20,366.34,2022,201
2022-07-21,409.78,2022,202
2022-07-22,417.8,2022,203
2022-07-23,417.78,2022,204
2022-07-24,364.91,2022,205
2022-07-25,339.42,2022,206
2022-07-26,379.91,2022,207
2022-07-27,401.73,2022,208
2022-07-28,417.92,2022,209
2022-07-29,431.29,2022,210
2022-07-30,446.35,2022,211
2022-07-31,438.71,2022,212
2022-08-01,449.42,2022,213
2022-08-02,442.57,2022,214
2022-08-03,432.72,2022,215
2022-08-04,442.54,2022,216
2022-08-05,441.73,2022,217
2022-08-06,429.32,2022,218
2022-08-07,430.19,2022,219
2022-08-08,446.96,2022,220
2022-08-09,438.05,2022,221
2022-08-10,435.42,2022,222
2022-08-11,409.48,2022,223
2022-08-12,392.29,2022,224
2022-08-13,398.11,2022,225
2022-08-14,375.72,2022,226
2022-08-15,421.93,2022,227
2022-08-16,445.96,2022,228
2022-08-17,449.29,2022,229
2022-08-18,463.9,2022,230
2022-08-19,482.31,2022,231
2022-08-20,476.43,2022,232
2022-08-21,450.41,2022,233
2022-08-22,501.84,2022,234
2022-08-23,466.52,2022,235
2022-08-24,465.13,2022,236
2022-08-25,445.27,2022,237
2022-08-26,476.58,2022,238
2022-08-27,464.25,2022,239
2022-08-28,386.66,2022,240
2022-08-29,462.18,2022,241
2022-08-30,470.98,2022,242
2022-08-31,472.83,2022,243
2022-09-01,471.35,2022,244
2022-09-02,413.04,2022,245
2022-09-03,339.6,2022,246
2022-09-04,389.09,2022,247
2022-09-05,421.66,2022,248
2022-09-06,426.09,2022,249
2022-09-07,489.14,2022,250
2022-09-08,473.33,2022,251
2022-09-09,466.87,2022,252
2022-09-10,493.12,2022,253
2022-09-11,534.11,2022,254
2022-09-12,466.25,2022,255
2022-09-13,437.59,2022,256
2022-09-14,496.65,2022,257
2022-09-15,417.07,2022,258
2022-09-16,298.06,2022,259
2022-09-17,222.97,2022,260
2022-09-18,236.66,2022,261
2022-09-19,363.42,2022,262
2022-09-20,517.05,2022,263
2022-09-21,546.21,2022,264
2022-09-22,534.45,2022,265
2022-09-23,526.96,2022,266
2022-09-24,529.93,2022,267
2022-09-25,508.43,2022,268
2022-09-26,350.49,2022,269
2022-09-27,446.85,2022,270
2022-09-28,566.63,2022,271
2022-09-29,568.24,2022,272
2022-09-30,457.34,2022,273
2022-10-01,200.23,2022,274
2022-10-02,259.22,2022,275
2022-10-03,388.23,2022,276
2022-10-04,407.37,2022,277
2022-10-05,270.08,2022,278
2022-10-06,338.66,2022,279
2022-10-07,386.2,2022,280
2022-10-08,365.33,2022,281
2022-10-09,365.86,2022,282
2022-10-10,399.81,2022,283
2022-10-11,503.7,2022,284
2022-10-12,524.42,2022,285
2022-10-13,534.7,2022,286
2022-10-14,518.72,2022,287
2022-10-15,385.99,2022,288
2022-10-16,352.03,2022,289
2022-10-17,395.33,2022,290
2022-10-18,470.54,2022,291
2022-10-19,432.25,2022,292
2022-10-20,329.06,2022,293
2022-10-21,436.01,2022,294
2022-10-22,351.48,2022,295
2022-10-23,305.55,2022,296
2022-10-24,248.57,2022,297
2022-10-25,330.56,2022,298
2022-10-26,387.55,2022,299
2022-10-27,349.53,2022,300
2022-10-28,336.08,2022,301
2022-10-29,370.31,2022,302
2022-10-30,395.01,2022,303
2022-10-31,393.99,2022,304
2022-11-01,249.03,2022,305
2022-11-02,260.69,2022,306
2022-11-03,299.93,2022,307
2022-11-04,431.98,2022,308
2022-11-05,363.11,2022,309
2022-11-06,227.42,2022,310
2022-11-07,281.71,2022,311
2022-11-08,290.0,2022,312
2022-11-09,314.97,2022,313
2022-11-10,336.96,2022,314
2022-11-11,375.66,2022,315
2022-11-12,517.54,2022,316
2022-11-13,457.65,2022,317
2022-11-14,446.09,2022,318
2022-11-15,471.08,2022,319
2022-11-16,419.19,2022,320
2022-11-17,344.25,2022,321
2022-11-18,482.97,2022,322
2022-11-19,549.83,2022,323
2022-11-20,566.71,2022,324
2022-11-21,519.59,2022,325
2022-11-22,439.23,2022,326
2022-11-23,451.42,2022,327
2022-11-24,494.59,2022,328
2022-11-25,510.23,2022,329
2022-11-26,570.62,2022,330
2022-11-27,438.06,2022,331
2022-11-28,520.24,2022,332
2022-11-29,629.9,2022,333
2022-11-30,642.94,2022,334
2022-12-01,638.52,2022,335
2022-12-02,553.4,2022,336
2022-12-03,545.66,2022,337
2022-12-04,535.08,2022,338
2022-12-05,587.54,2022,339
2022-12-06,619.89,2022,340
2022-12-07,536.91,2022,341
2022-12-08,616.3,2022,342
2022-12-09,622.92,2022,343
2022-12-10,645.21,2022,344
2022-12-11,658.18,2022,345
2022-12-12,627.93,2022,346
2022-12-13,590.99,2022,347
2022-12-14,595.37,2022,348
2022-12-15,567.39,2022,349
2022-12-16,617.71,2022,350
2022-12-17,570.71,2022,351
2022-12-18,452.71,2022,352
2022-12-19,356.21,2022,353
2022-12-20,359.96,2022,354
2022-12-21,436.83,2022,355
2022-12-22,403.63,2022,356
2022-12-23,456.53,2022,357
2022-12-24,378.0,2022,358
2022-12-25,306.55,2022,359
2022-12-26,211.17,2022,360
2022-12-27,243.88,2022,361
2022-12-28,173.05,2022,362
2022-12-29,190.4,2022,363
2022-12-30,180.11,2022,364
2022-12-31,148.68,2022,365
2023-01-01,157.44,2023,1
2023-01-02,281.73,2023,2
2023-01-03,397.03,2023,3
2023-01-04,173.47,2023,4
2023-01-05,311.71,2023,5
2023-01-06,287.6,2023,6
2023-01-07,210.52,2023,7
2023-01-08,213.12,2023,8
2023-01-09,359.46,2023,9
2023-01-10,367.8,2023,10
2023-01-11,286.35,2023,11
2023-01-12,190.49,2023,12
2023-01-13,170.97,2023,13
2023-01-14,140.4,2023,14
2023-01-15,149.54,2023,15
2023-01-16,332.18,2023,16
2023-01-17,411.54,2023,17
2023-01-18,472.55,2023,18
2023-01-19,444.82,2023,19
2023-01-20,581.51,2023,20
2023-01-21,496.94,2023,21
2023-01-22,541.57,2023,22
2023-01-23,585.66,2023,23
2023-01-24,595.11,2023,24
2023-01-25,587.04,2023,25
2023-01-26,568.79,2023,26
2023-01-27,555.07,2023,27
2023-01-28,554.4,2023,28
2023-01-29,323.71,2023,29
2023-01-30,245.55,2023,30
2023-01-31,245.75,2023,31
2023-02-01,221.74,2023,32
2023-02-02,360.41,2023,33
2023-02-03,261.63,2023,34
2023-02-04,486.28,2023,35
2023-02-05,448.06,2023,36
2023-02-06,535.94,2023,37
2023-02-07,503.51,2023,38
2023-02-08,453.24,2023,39
2023-02-09,403.54,2023,40
2023-02-10,378.41,2023,41
2023-02-11,349.99,2023,42
2023-02-12,535.33,2023,43
2023-02-13,541.17,2023,44
2023-02-14,554.71,2023,45
2023-02-15,527.01,2023,46
2023-02-16,425.36,2023,47
2023-02-17,211.01,2023,48
2023-02-18,211.36,2023,49
2023-02-19,276.19,2023,50
2023-02-20,212.45,2023,51
2023-02-21,409.82,2023,52
2023-02-22,508.81,2023,53
2023-02-23,523.24,2023,54
2023-02-24,348.87,2023,55
2023-02-25,259.36,2023,56
2023-02-26,328.37,2023,57
2023-02-27,487.16,2023,58
2023-02-28,476.93,2023,59
2023-03-01,457.7,2023,60
2023-03-02,470.78,2023,61
2023-03-03,459.74,2023,62
2023-03-04,344.47,2023,63
2023-03-05,418.84,2023,64
2023-03-06,467.26,2023,65
2023-03-07,331.91,2023,66
2023-03-08,511.87,2023,67
2023-03-09,450.73,2023,68
2023-03-10,307.58,2023,69
2023-03-11,315.56,2023,70
2023-03-12,244.6,2023,71
2023-03-13,174.88,2023,72
2023-03-14,229.14,2023,73
2023-03-15,359.61,2023,74
2023-03-16,275.21,2023,75
2023-03-17,298.48,2023,76
2023-03-18,337.48,2023,77
2023-03-19,383.35,2023,78
2023-03-20,415.33,2023,79
2023-03-21,390.89,2023,80
2023-03-22,227.94,2023,81
2023-03-23,224.15,2023,82
2023-03-24,204.17,2023,83
2023-03-25,146.53,2023,84
2023-03-26,202.17,2023,85
2023-03-27,245.23,2023,86
2023-03-28,348.91,2023,87
2023-03-29,356.34,2023,88
2023-03-30,209.52,2023,89
2023-03-31,246.67,2023,90
2023-04-01,177.52,2023,91
2023-04-02,235.29,2023,92
2023-04-03,374.86,2023,93
2023-04-04,449.59,2023,94
2023-04-05,458.22,2023,95
2023-04-06,367.18,2023,96
2023-04-07,341.39,2023,97
2023-04-08,402.76,2023,98
2023-04-09,304.78,2023,99
2023-04-10,155.35,2023,100
2023-04-11,217.41,2023,101
2023-04-12,262.65,2023,102
2023-04-13,300.38,2023,103
2023-04-14,405.59,2023,104
2023-04-15,318.34,2023,105
2023-04-16,394.38,2023,106
2023-04-17,380.97,2023,107
2023-04-18,342.6,2023,108
2023-04-19,285.89,2023,109
2023-04-20,327.4,2023,110
2023-04-21,271.03,2023,111
2023-04-22,257.75,2023,112
2023-04-23,261.24,2023,113
2023-04-24,254.79,2023,114
2023-04-25,328.21,2023,115
2023-04-26,360.42,2023,116
2023-04-27,360.67,2023,117
2023-04-28,354.73,2023,118
2023-04-29,303.79,2023,119
2023-04-30,284.91,2023,120
2023-05-01,279.48,2023,121
2023-05-02,288.08,2023,122
2023-05-03,295.68,2023,123
2023-05-04,256.41,2023,124
2023-05-05,269.59,2023,125
2023-05-06,283.02,2023,126
2023-05-07,229.96,2023,127
2023-05-08,278.97,2023,128
2023-05-09,273.41,2023,129
2023-05-10,354.12,2023,130
2023-05-11,402.92,2023,131
2023-05-12,301.65,2023,132
2023-05-13,235.62,2023,133
2023-05-14,279.06,2023,134
2023-05-15,263.31,2023,135
2023-05-16,222.05,2023,136
2023-05-17,238.04,2023,137
2023-05-18,240.13,2023,138
2023-05-19,209.55,2023,139
2023-05-20,171.5,2023,140
2023-05-21,194.64,2023,141
2023-05-22,242.06,2023,142
2023-05-23,215.45,2023,143
2023-05-24,281.53,2023,144
2023-05-25,225.72,2023,145
2023-05-26,181.76,2023,146
2023-05-27,200.44,2023,147
2023-05-28,186.49,2023,148
2023-05-29,152.21,2023,149
2023-05-30,200.13,2023,150
2023-05-31,184.25,2023,151
2023-06-01,191.7,2023,152
2023-06-02,178.6,2023,153
2023-06-03,172.28,2023,154
2023-06-04,184.5,2023,155
2023-06-05,224.74,2023,156
2023-06-06,262.07,2023,157
2023-06-07,293.03,2023,158
2023-06-08,239.66,2023,159
2023-06-09,204.24,2023,160
2023-06-10,165.71,2023,161
2023-06-11,167.38,2023,162
2023-06-12,224.38,2023,163
2023-06-13,221.12,2023,164
2023-06-14,263.76,2023,165
2023-06-15,341.02,2023,166
2023-06-16,374.96,2023,167
2023-06-17,278.38,2023,168
2023-06-18,277.76,2023,169
2023-06-19,328.98,2023,170
2023-06-20,364.48,2023,171
2023-06-21,356.12,2023,172
2023-06-22,356.62,2023,173
2023-06-23,304.04,2023,174
2023-06-24,242.82,2023,175
2023-06-25,235.85,2023,176
2023-06-26,199.71,2023,177
2023-06-27,256.59,2023,178
2023-06-28,355.59,2023,179
2023-06-29,383.13,2023,180
2023-06-30,346.73,2023,181
2023-07-01,131.01,2023,182
2023-07-02,145.52,2023,183
2023-07-03,170.0,2023,184
2023-07-04,217.64,2023,185
2023-07-05,185.74,2023,186
2023-07-06,292.45,2023,187
2023-07-07,270.69,2023,188
2023-07-08,220.87,2023,189
2023-07-09,245.4,2023,190
2023-07-10,298.94,2023,191
2023-07-11,255.06,2023,192
2023-07-12,228.49,2023,193
2023-07-13,242.63,2023,194
2023-07-14,251.38,2023,195
2023-07-15,158.35,2023,196
2023-07-16,171.96,2023,197
2023-07-17,212.22,2023,198
2023-07-18,304.11,2023,199
2023-07-19,308.3,2023,200
2023-07-20,283.57,2023,201
2023-07-21,302.39,2023,202
2023-07-22,195.24,2023,203
2023-07-23,159.56,2023,204
2023-07-24,214.77,2023,205
2023-07-25,235.32,2023,206
2023-07-26,219.48,2023,207
2023-07-27,225.96,2023,208
2023-07-28,253.1,2023,209
2023-07-29,196.77,2023,210
2023-07-30,171.88,2023,211
2023-07-31,148.84,2023,212
2023-08-01,163.41,2023,213
2023-08-02,165.06,2023,214
2023-08-03,140.42,2023,215
2023-08-04,234.07,2023,216
2023-08-05,215.09,2023,217
2023-08-06,182.98,2023,218
2023-08-07,167.7,2023,219
2023-08-08,178.11,2023,220
2023-08-09,233.1,2023,221
2023-08-10,270.02,2023,222
2023-08-11,269.24,2023,223
2023-08-12,222.69,2023,224
2023-08-13,236.45,2023,225
2023-08-14,288.38,2023,226
2023-08-15,277.73,2023,227
2023-08-16,300.54,2023,228
2023-08-17,293.34,2023,229
2023-08-18,270.02,2023,230
2023-08-19,211.91,2023,231
2023-08-20,266.0,2023,232
2023-08-21,368.75,2023,233
2023-08-22,405.23,2023,234
2023-08-23,417.96,2023,235
2023-08-24,415.74,2023,236
2023-08-25,379.95,2023,237
2023-08-26,303.91,2023,238
2023-08-27,296.09,2023,239
2023-08-28,398.42,2023,240
2023-08-29,444.66,2023,241
2023-08-30,385.77,2023,242
2023-08-31,301.6,2023,243
2023-09-01,336.72,2023,244
2023-09-02,295.3,2023,245
2023-09-03,257.66,2023,246
2023-09-04,274.61,2023,247
2023-09-05,300.03,2023,248
2023-09-06,326.35,2023,249
2023-09-07,276.48,2023,250
2023-09-08,331.98,2023,251
2023-09-09,355.46,2023,252
2023-09-10,352.45,2023,253
2023-09-11,371.87,2023,254
2023-09-12,413.72,2023,255
2023-09-13,387.65,2023,256
2023-09-14,427.58,2023,257
2023-09-15,338.34,2023,258
2023-09-16,308.1,2023,259
2023-09-17,268.17,2023,260
2023-09-18,234.95,2023,261
2023-09-19,199.09,2023,262
2023-09-20,220.91,2023,263
2023-09-21,296.6,2023,264
2023-09-22,344.0,2023,265
2023-09-23,248.3,2023,266
2023-09-24,218.01,2023,267
2023-09-25,312.64,2023,268
2023-09-26,422.66,2023,269
2023-09-27,390.08,2023,270
2023-09-28,335.8,2023,271
2023-09-29,285.98,2023,272
2023-09-30,295.0,2023,273
2023-10-01,269.41,2023,274
2023-10-02,354.0,2023,275
2023-10-03,140.99,2023,276
2023-10-04,221.29,2023,277
2023-10-05,290.49,2023,278
2023-10-06,221.16,2023,279
2023-10-07,177.54,2023,280
2023-10-08,329.67,2023,281
2023-10-09,396.67,2023,282
2023-10-10,367.15,2023,283
2023-10-11,212.29,2023,284
2023-10-12,424.23,2023,285
2023-10-13,201.97,2023,286
2023-10-14,176.03,2023,287
2023-10-15,217.57,2023,288
2023-10-16,462.21,2023,289
2023-10-17,480.54,2023,290
2023-10-18,306.58,2023,291
2023-10-19,311.95,2023,292
2023-10-20,234.17,2023,293
2023-10-21,192.03,2023,294
2023-10-22,237.81,2023,295
2023-10-23,451.85,2023,296
2023-10-24,426.54,2023,297
2023-10-25,406.31,2023,298
2023-10-26,452.81,2023,299
2023-10-27,414.52,2023,300
2023-10-28,212.33,2023,301
2023-10-29,123.37,2023,302
2023-10-30,328.06,2023,303
2023-10-31,298.02,2023,304
2023-11-01,173.37,2023,305
2023-11-02,158.79,2023,306
2023-11-03,194.15,2023,307
2023-11-04,121.36,2023,308
2023-11-05,146.53,2023,309
2023-11-06,191.31,2023,310
2023-11-07,260.97,2023,311
2023-11-08,247.64,2023,312
2023-11-09,315.39,2023,313
2023-11-10,341.98,2023,314
2023-11-11,380.08,2023,315
2023-11-12,426.31,2023,316
2023-11-13,302.15,2023,317
2023-11-14,219.09,2023,318
2023-11-15,356.85,2023,319
2023-11-16,446.79,2023,320
2023-11-17,504.31,2023,321
2023-11-18,314.64,2023,322
2023-11-19,162.42,2023,323
2023-11-20,389.21,2023,324
2023-11-21,503.67,2023,325
2023-11-22,432.21,2023,326
2023-11-23,215.52,2023,327
2023-11-24,229.77,2023,328
2023-11-25,353.64,2023,329
2023-11-26,529.85,2023,330
2023-11-27,454.64,2023,331
2023-11-28,477.71,2023,332
2023-11-29,480.59,2023,333
2023-11-30,573.03,2023,334
2023-12-01,578.03,2023,335
2023-12-02,604.55,2023,336
2023-12-03,553.76,2023,337
2023-12-04,460.15,2023,338
2023-12-05,446.54,2023,339
2023-12-06,529.43,2023,340
2023-12-07,516.96,2023,341
2023-12-08,449.6,2023,342
2023-12-09,268.82,2023,343
2023-12-10,183.77,2023,344
2023-12-11,335.87,2023,345
2023-12-12,488.13,2023,346
2023-12-13,435.04,2023,347
2023-12-14,535.07,2023,348
2023-12-15,446.54,2023,349
2023-12-16,261.01,2023,350
2023-12-17,255.65,2023,351
2023-12-18,271.65,2023,352
2023-12-19,270.19,2023,353
2023-12-20,197.77,2023,354
2023-12-21,140.91,2023,355
2023-12-22,126.99,2023,356
2023-12-23,159.56,2023,357
2023-12-24,112.07,2023,358
2023-12-25,131.61,2023,359
2023-12-26,140.96,2023,360
2023-12-27,212.64,2023,361
2023-12-28,130.04,2023,362
2023-12-29,122.97,2023,363
2023-12-30,156.61,2023,364
2023-12-31,136.82,2023,365
2024-01-01,144.79,2024,1
2024-01-02,159.51,2024,2
2024-01-03,139.57,2024,3
2024-01-04,286.73,2024,4
2024-01-05,311.5,2024,5
2024-01-06,359.33,2024,6
2024-01-07,350.03,2024,7
2024-01-08,374.5,2024,8
2024-01-09,465.85,2024,9
2024-01-10,512.71,2024,10
2024-01-11,519.12,2024,11
2024-01-12,500.85,2024,12
2024-01-13,341.01,2024,13
2024-01-14,310.98,2024,14
2024-01-15,358.44,2024,15
2024-01-16,452.86,2024,16
2024-01-17,463.5,2024,17
2024-01-18,460.73,2024,18
2024-01-19,334.89,2024,19
2024-01-20,269.17,2024,20
2024-01-21,177.32,2024,21
2024-01-22,177.37,2024,22
2024-01-23,187.36,2024,23
2024-01-24,167.5,2024,24
2024-01-25,274.46,2024,25
2024-01-26,220.17,2024,26
2024-01-27,235.23,2024,27
2024-01-28,206.49,2024,28
2024-01-29,325.69,2024,29
2024-01-30,305.91,2024,30
2024-01-31,294.32,2024,31
2024-02-01,259.68,2024,32
2024-02-02,203.86,2024,33
2024-02-03,162.11,2024,34
2024-02-04,141.69,2024,35
2024-02-05,160.31,2024,36
2024-02-06,157.24,2024,37
2024-02-07,333.69,2024,38
2024-02-08,433.38,2024,39
2024-02-09,280.16,2024,40
2024-02-10,344.8,2024,41
2024-02-11,299.55,2024,42
2024-02-12,375.15,2024,43
2024-02-13,318.47,2024,44
2024-02-14,344.62,2024,45
2024-02-15,348.82,2024,46
2024-02-16,273.54,2024,47
2024-02-17,328.36,2024,48
2024-02-18,210.67,2024,49
2024-02-19,259.44,2024,50
2024-02-20,274.56,2024,51
2024-02-21,230.45,2024,52
2024-02-22,206.67,2024,53
2024-02-23,216.5,2024,54
2024-02-24,253.84,2024,55
2024-02-25,286.41,2024,56
2024-02-26,338.46,2024,57
2024-02-27,440.0,2024,58
2024-02-28,421.08,2024,59
2024-02-29,277.61,2024,60
2024-03-01,309.22,2024,61
2024-03-02,261.8,2024,62
2024-03-03,304.64,2024,63
2024-03-04,455.37,2024,64
2024-03-05,453.68,2024,65
2024-03-06,485.91,2024,66
2024-03-07,386.0,2024,67
2024-03-08,208.31,2024,68
2024-03-09,164.9,2024,69
2024-03-10,170.42,2024,70
2024-03-11,315.3,2024,71
2024-03-12,454.59,2024,72
2024-03-13,383.97,2024,73
2024-03-14,285.23,2024,74
2024-03-15,185.35,2024,75
2024-03-16,178.4,2024,76
2024-03-17,257.54,2024,77
2024-03-18,355.23,2024,78
2024-03-19,361.73,2024,79
2024-03-20,425.14,2024,80
2024-03-21,337.48,2024,81
2024-03-22,226.0,2024,82
2024-03-23,152.86,2024,83
2024-03-24,127.61,2024,84
2024-03-25,321.52,2024,85
2024-03-26,260.09,2024,86
2024-03-27,273.37,2024,87
2024-03-28,167.3,2024,88
2024-03-29,170.61,2024,89
2024-03-30,228.7,2024,90
2024-03-31,203.04,2024,91
2024-04-01,162.81,2024,92
2024-04-02,132.79,2024,93
2024-04-03,256.5,2024,94
2024-04-04,164.38,2024,95
2024-04-05,166.16,2024,96
2024-04-06,148.87,2024,97
2024-04-07,176.51,2024,98
2024-04-08,288.62,2024,99
2024-04-09,176.35,2024,100
2024-04-10,228.12,2024,101
2024-04-11,212.7,2024,102
2024-04-12,180.07,2024,103
2024-04-13,132.45,2024,104
2024-04-14,158.34,2024,105
2024-04-15,182.08,2024,106
2024-04-16,214.77,2024,107
2024-04-17,364.0,2024,108
2024-04-18,330.42,2024,109
2024-04-19,166.35,2024,110
2024-04-20,202.01,2024,111
2024-04-21,223.33,2024,112
2024-04-22,341.44,2024,113
2024-04-23,320.85,2024,114
2024-04-24,312.71,2024,115
2024-04-25,331.38,2024,116
2024-04-26,319.86,2024,117
2024-04-27,210.91,2024,118
2024-04-28,144.7,2024,119
2024-04-29,227.82,2024,120
2024-04-30,202.12,2024,121
2024-05-01,129.28,2024,122
2024-05-02,142.26,2024,123
2024-05-03,201.52,2024,124
2024-05-04,228.16,2024,125
2024-05-05,179.61,2024,126
2024-05-06,296.64,2024,127
2024-05-07,306.87,2024,128
2024-05-08,304.19,2024,129
2024-05-09,234.13,2024,130
2024-05-10,217.04,2024,131
2024-05-11,181.07,2024,132
2024-05-12,132.48,2024,133
2024-05-13,155.96,2024,134
2024-05-14,138.94,2024,135
2024-05-15,176.54,2024,136
2024-05-16,187.55,2024,137
2024-05-17,188.82,2024,138
2024-05-18,185.78,2024,139
2024-05-19,192.9,2024,140
2024-05-20,186.5,2024,141
2024-05-21,195.24,2024,142
2024-05-22,225.88,2024,143
2024-05-23,280.24,2024,144
2024-05-24,311.77,2024,145
2024-05-25,245.34,2024,146
2024-05-26,211.34,2024,147
2024-05-27,285.08,2024,148
2024-05-28,279.87,2024,149
2024-05-29,223.86,2024,150
2024-05-30,281.04,2024,151
2024-05-31,260.61,2024,152
2024-06-01,155.99,2024,153
2024-06-02,150.95,2024,154
2024-06-03,304.31,2024,155
2024-06-04,269.19,2024,156
2024-06-05,223.89,2024,157
2024-06-06,262.91,2024,158
2024-06-07,239.2,2024,159
2024-06-08,161.23,2024,160
2024-06-09,164.92,2024,161
2024-06-10,217.3,2024,162
2024-06-11,181.35,2024,163
2024-06-12,230.77,2024,164
2024-06-13,269.95,2024,165
2024-06-14,208.6,2024,166
2024-06-15,118.85,2024,167
2024-06-16,159.53,2024,168
2024-06-17,279.48,2024,169
2024-06-18,315.4,2024,170
2024-06-19,295.77,2024,171
2024-06-20,318.42,2024,172
2024-06-21,321.97,2024,173
2024-06-22,147.94,2024,174
2024-06-23,206.49,2024,175
2024-06-24,258.95,2024,176
2024-06-25,249.67,2024,177
2024-06-26,279.65,2024,178
2024-06-27,271.79,2024,179
2024-06-28,184.18,2024,180
2024-06-29,176.96,2024,181
2024-06-30,185.38,2024,182
2024-07-01,263.18,2024,183
2024-07-02,248.88,2024,184
2024-07-03,264.35,2024,185
2024-07-04,118.49,2024,186
2024-07-05,138.28,2024,187
2024-07-06,108.95,2024,188
2024-07-07,169.33,2024,189
2024-07-08,267.36,2024,190
2024-07-09,217.62,2024,191
2024-07-10,275.4,2024,192
2024-07-11,299.88,2024,193
2024-07-12,232.94,2024,194
2024-07-13,147.14,2024,195
2024-07-14,154.16,2024,196
2024-07-15,214.52,2024,197
2024-07-16,195.04,2024,198
2024-07-17,215.72,2024,199
2024-07-18,276.13,2024,200
2024-07-19,269.17,2024,201
2024-07-20,182.58,2024,202
2024-07-21,196.52,2024,203
2024-07-22,214.46,2024,204
2024-07-23,239.97,2024,205
2024-07-24,242.57,2024,206
2024-07-25,254.89,2024,207
2024-07-26,260.83,2024,208
2024-07-27,272.46,2024,209
2024-07-28,182.79,2024,210
2024-07-29,232.8,2024,211
2024-07-30,287.18,2024,212
2024-07-31,309.18,2024,213
2024-08-01,340.66,2024,214
2024-08-02,330.09,2024,215
2024-08-03,222.84,2024,216
2024-08-04,199.87,2024,217
2024-08-05,283.96,2024,218
2024-08-06,278.3,2024,219
2024-08-07,298.72,2024,220
2024-08-08,283.69,2024,221
2024-08-09,147.76,2024,222
2024-08-10,155.9,2024,223
2024-08-11,186.08,2024,224
2024-08-12,241.34,2024,225
2024-08-13,243.57,2024,226
2024-08-14,307.11,2024,227
2024-08-15,266.38,2024,228
2024-08-16,285.76,2024,229
2024-08-17,306.08,2024,230
2024-08-18,291.66,2024,231
2024-08-19,312.97,2024,232
2024-08-20,240.85,2024,233
2024-08-21,153.16,2024,234
2024-08-22,159.19,2024,235
2024-08-23,131.9,2024,236
2024-08-24,131.2,2024,237
2024-08-25,157.02,2024,238
2024-08-26,255.27,2024,239
2024-08-27,268.87,2024,240
2024-08-28,258.23,2024,241
2024-08-29,302.28,2024,242
2024-08-30,323.17,2024,243
2024-08-31,209.54,2024,244
2024-09-01,197.98,2024,245
2024-09-02,303.08,2024,246
2024-09-03,351.94,2024,247
2024-09-04,343.73,2024,248
2024-09-05,215.19,2024,249
2024-09-06,257.0,2024,250
2024-09-07,266.98,2024,251
2024-09-08,274.77,2024,252
2024-09-09,306.17,2024,253
2024-09-10,173.57,2024,254
2024-09-11,252.46,2024,255
2024-09-12,336.55,2024,256
2024-09-13,234.57,2024,257
2024-09-14,185.6,2024,258
2024-09-15,234.8,2024,259
2024-09-16,324.63,2024,260
2024-09-17,286.57,2024,261
2024-09-18,265.08,2024,262
2024-09-19,236.95,2024,263
2024-09-20,201.03,2024,264
2024-09-21,232.46,2024,265
2024-09-22,313.23,2024,266
2024-09-23,387.89,2024,267
2024-09-24,309.2,2024,268
2024-09-25,252.07,2024,269
2024-09-26,173.66,2024,270
2024-09-27,101.31,2024,271
2024-09-28,150.4,2024,272
2024-09-29,201.71,2024,273
2024-09-30,181.93,2024,274
2024-10-01,261.58,2024,275
2024-10-02,335.89,2024,276
2024-10-03,299.73,2024,277
2024-10-04,386.53,2024,278
2024-10-05,352.37,2024,279
2024-10-06,230.04,2024,280
2024-10-07,309.13,2024,281
2024-10-08,308.57,2024,282
2024-10-09,248.24,2024,283
2024-10-10,205.49,2024,284
2024-10-11,279.55,2024,285
2024-10-12,165.17,2024,286
2024-10-13,141.43,2024,287
2024-10-14,373.0,2024,288
2024-10-15,322.18,2024,289
2024-10-16,180.0,2024,290
2024-10-17,274.91,2024,291
2024-10-18,397.57,2024,292
2024-10-19,291.27,2024,293
2024-10-20,160.5,2024,294
2024-10-21,311.4,2024,295
2024-10-22,330.91,2024,296
2024-10-23,396.02,2024,297
2024-10-24,367.23,2024,298
2024-10-25,399.07,2024,299
2024-10-26,390.97,2024,300
2024-10-27,360.8,2024,301
2024-10-28,341.08,2024,302
2024-10-29,422.94,2024,303
2024-10-30,431.08,2024,304
2024-10-31,361.84,2024,305
2024-11-01,263.37,2024,306
2024-11-02,402.69,2024,307
2024-11-03,371.09,2024,308
2024-11-04,437.33,2024,309
2024-11-05,457.96,2024,310
2024-11-06,495.27,2024,311
2024-11-07,494.96,2024,312
2024-11-08,441.3,2024,313
2024-11-09,485.34,2024,314
2024-11-10,475.59,2024,315
2024-11-11,415.57,2024,316
2024-11-12,452.76,2024,317
2024-11-13,451.44,2024,318
2024-11-14,408.94,2024,319
2024-11-15,419.54,2024,320
2024-11-16,299.92,2024,321
2024-11-17,209.28,2024,322
2024-11-18,301.92,2024,323
2024-11-19,361.18,2024,324
2024-11-20,340.29,2024,325
2024-11-21,357.04,2024,326
2024-11-22,295.27,2024,327
2024-11-23,199.21,2024,328
2024-11-24,120.35,2024,329
2024-11-25,210.63,2024,330
2024-11-26,333.11,2024,331
2024-11-27,297.42,2024,332
2024-11-28,284.6,2024,333
2024-11-29,414.38,2024,334
2024-11-30,330.84,2024,335
2024-12-01,327.52,2024,336
2024-12-02,331.51,2024,337
2024-12-03,383.51,2024,338
2024-12-04,431.17,2024,339
2024-12-05,290.27,2024,340
2024-12-06,257.9,2024,341
2024-12-07,220.65,2024,342
2024-12-08,285.9,2024,343
2024-12-09,270.37,2024,344
2024-12-10,375.9,2024,345
2024-12-11,464.16,2024,346
2024-12-12,474.5,2024,347
2024-12-13,438.02,2024,348
2024-12-14,335.36,2024,349
2024-12-15,190.75,2024,350
2024-12-16,206.34,2024,351
2024-12-17,317.04,2024,352
2024-12-18,156.43,2024,353
2024-12-19,152.47,2024,354
2024-12-20,194.48,2024,355
2024-12-21,123.7,2024,356
2024-12-22,145.72,2024,357
2024-12-23,204.2,2024,358
2024-12-24,372.3,2024,359
2024-12-25,393.9,2024,360
2024-12-26,476.53,2024,361
2024-12-27,482.03,2024,362
2024-12-28,477.22,2024,363
2024-12-29,373.58,2024,364
2024-12-30,317.71,2024,365
2024-12-31,256.43,2024,366
